{"stats":{"minecraft:killed_by":{"hordes:zombie_player":1,"minecraft:zombie":12,"minecraft:enderman":1},"minecraft:custom":{"minecraft:open_chest":7,"minecraft:time_since_rest":38,"minecraft:crouch_one_cm":73,"minecraft:play_one_minute":15691,"minecraft:sprint_one_cm":33194,"minecraft:deaths":18,"minecraft:damage_taken":2787,"minecraft:walk_one_cm":38032,"minecraft:sneak_time":1049,"minecraft:walk_under_water_one_cm":13983,"minecraft:jump":164,"minecraft:minecart_one_cm":66245,"minecraft:damage_dealt":204,"minecraft:leave_game":3,"minecraft:walk_on_water_one_cm":1594,"minecraft:time_since_death":35,"minecraft:climb_one_cm":5327,"minecraft:fall_one_cm":4690,"minecraft:fly_one_cm":188752},"minecraft:used":{"minecraft:minecart":1},"minecraft:mined":{"minecraft:glass_pane":2,"minecraft:glass":8,"minecraft:jungle_leaves":1,"minecraft:spruce_leaves":2,"minecraft:oak_leaves":5}},"DataVersion":2586}